{
    "Childs": [],
    "Parent": {
        "Component": [
            {
                "matTag": "SRT",
                "parentMatTag": "SRT",
                "position": {
                    "x": 288.351806640625,
                    "y": -308.19921875,
                    "z": 247.0422821044922
                },
                "rotation": {
                    "x": 38.0,
                    "y": 47.0,
                    "z": 0.0
                },
                "scale": {
                    "x": 1.0,
                    "y": 1.0,
                    "z": 1.0
                }
            },
            {
                "IDName": "ModelData",
                "drawType": 3452816833,
                "path": "RPG-7_Bullet"
            },
            {
                "IDName": "Rigidbody",
                "deceleration": 0.8500000238418579,
                "gravity": 0.0,
                "move": {
                    "x": 0.03265782818198204,
                    "y": -0.03488748520612717,
                    "z": 0.030453909188508987
                }
            },
            {
                "IDName": "Bullet"
            }
        ],
        "name": "RPG-7_Bullet",
        "tag": 0
    }
}